-- phpMyAdmin SQL Dump
-- version 5.1.1
-- https://www.phpmyadmin.net/
--
-- Host: 127.0.0.1
-- Generation Time: Nov 04, 2022 at 07:32 AM
-- Server version: 10.4.22-MariaDB
-- PHP Version: 7.3.33

SET SQL_MODE = "NO_AUTO_VALUE_ON_ZERO";
START TRANSACTION;
SET time_zone = "+00:00";


/*!40101 SET @OLD_CHARACTER_SET_CLIENT=@@CHARACTER_SET_CLIENT */;
/*!40101 SET @OLD_CHARACTER_SET_RESULTS=@@CHARACTER_SET_RESULTS */;
/*!40101 SET @OLD_COLLATION_CONNECTION=@@COLLATION_CONNECTION */;
/*!40101 SET NAMES utf8mb4 */;

--
-- Database: `salaya_delivery`
--

-- --------------------------------------------------------

--
-- Table structure for table `branch`
--

CREATE TABLE `branch` (
  `branch_id` varchar(18) NOT NULL,
  `branch_name` varchar(100) NOT NULL,
  `latitude` varchar(100) DEFAULT NULL,
  `longitude` varchar(100) DEFAULT NULL,
  `branch_address` varchar(1000) DEFAULT NULL,
  `update_date` timestamp NOT NULL DEFAULT current_timestamp() ON UPDATE current_timestamp(),
  `create_date` timestamp NOT NULL DEFAULT current_timestamp()
) ENGINE=InnoDB DEFAULT CHARSET=utf8;

--
-- Dumping data for table `branch`
--

INSERT INTO `branch` (`branch_id`, `branch_name`, `latitude`, `longitude`, `branch_address`, `update_date`, `create_date`) VALUES
('BRANCH131022143630', 'เภสัช หน้ามอ', NULL, NULL, NULL, '2022-10-13 08:24:37', '2022-10-12 09:53:57');

-- --------------------------------------------------------

--
-- Table structure for table `category`
--

CREATE TABLE `category` (
  `id` varchar(10) NOT NULL,
  `category_name` varchar(100) NOT NULL,
  `update_date` timestamp NOT NULL DEFAULT current_timestamp() ON UPDATE current_timestamp(),
  `create_date` timestamp NOT NULL DEFAULT current_timestamp()
) ENGINE=InnoDB DEFAULT CHARSET=utf8;

--
-- Dumping data for table `category`
--

INSERT INTO `category` (`id`, `category_name`, `update_date`, `create_date`) VALUES
('CATE01', 'เวชสำอาง', '2022-10-12 13:15:23', '2022-10-12 04:42:49'),
('CATE02', 'อุปกรณ์ดูแลสุขภาพ', '2022-10-20 16:24:35', '2022-10-20 16:23:38');

-- --------------------------------------------------------

--
-- Table structure for table `item`
--

CREATE TABLE `item` (
  `order_no` varchar(17) NOT NULL,
  `item_no` varchar(10) NOT NULL,
  `item_name` varchar(1000) NOT NULL,
  `qty` int(11) NOT NULL,
  `price_per_unit` double NOT NULL,
  `total_price` double NOT NULL,
  `update_date` timestamp NOT NULL DEFAULT current_timestamp() ON UPDATE current_timestamp(),
  `create_date` timestamp NOT NULL DEFAULT current_timestamp()
) ENGINE=InnoDB DEFAULT CHARSET=utf8;

--
-- Dumping data for table `item`
--

INSERT INTO `item` (`order_no`, `item_no`, `item_name`, `qty`, `price_per_unit`, `total_price`, `update_date`, `create_date`) VALUES
('ORDER131022151041', 'P01', 'ยาเม็ดซาร่า (10 เม็ด)', 3, 12, 36, '2022-10-13 08:26:41', '2022-10-13 08:26:41'),
('ORDER131022151046', 'P01', 'ยาเม็ดซาร่า (10 เม็ด)', 3, 12, 36, '2022-10-13 08:22:46', '2022-10-13 08:22:46'),
('ORDER151022151044', 'P01', 'ยาเม็ดซารา (10 เม็ด)', 3, 12, 36, '2022-10-15 08:40:45', '2022-10-15 08:40:45'),
('ORDER191022151027', 'P01', 'ยาเม็ดซาร่า (10 เม็ด)', 1, 12, 12, '2022-10-19 08:05:27', '2022-10-19 08:05:27'),
('ORDER191022151058', 'P01', 'ยาเม็ดซาร่า (10 เม็ด)', 2, 12, 24, '2022-10-19 08:21:58', '2022-10-19 08:21:58'),
('ORDER201022101007', 'P01', 'ยาเม็ดซารา (10 เม็ด)', 3, 12, 36, '2022-10-20 03:17:07', '2022-10-20 03:17:07'),
('ORDER201022101031', 'P01', 'ยาเม็ดซารา (10 เม็ด)', 3, 12, 36, '2022-10-20 03:45:31', '2022-10-20 03:45:31'),
('ORDER201022181008', 'P01', 'ยาเม็ดซาร่า (10 เม็ด)', 2, 12, 24, '2022-10-20 11:33:08', '2022-10-20 11:33:08'),
('ORDER201022181019', 'P01', 'ยาเม็ดซาร่า (10 เม็ด)', 3, 12, 36, '2022-10-20 11:31:19', '2022-10-20 11:31:19'),
('ORDER201022181030', 'P01', 'ยาเม็ดซาร่า (10 เม็ด)', 3, 12, 36, '2022-10-20 11:23:30', '2022-10-20 11:23:30'),
('ORDER201022191019', 'P01', 'ยาเม็ดซาร่า (10 เม็ด)', 4, 12, 48, '2022-10-20 12:30:19', '2022-10-20 12:30:19'),
('ORDER201022191021', 'P01', 'ยาเม็ดซาร่า (10 เม็ด)', 1, 12, 12, '2022-10-20 12:34:21', '2022-10-20 12:34:21'),
('ORDER201022191031', 'P01', 'ยาเม็ดซาร่า (10 เม็ด)', 4, 12, 48, '2022-10-20 12:26:31', '2022-10-20 12:26:31'),
('ORDER201022191032', 'P01', 'ยาเม็ดซาร่า (10 เม็ด)', 1, 12, 12, '2022-10-20 12:41:32', '2022-10-20 12:41:32'),
('ORDER201022191046', 'P01', 'ยาเม็ดซาร่า (10 เม็ด)', 1, 12, 12, '2022-10-20 12:55:46', '2022-10-20 12:55:46'),
('ORDER201022201008', 'P01', 'ยาเม็ดซาร่า (10 เม็ด)', 1, 12, 12, '2022-10-20 13:03:08', '2022-10-20 13:03:08'),
('ORDER201022201015', 'P01', 'ยาเม็ดซาร่า (10 เม็ด)', 1, 12, 12, '2022-10-20 13:05:15', '2022-10-20 13:05:15'),
('ORDER201022201039', 'P01', 'ยาเม็ดซาร่า (10 เม็ด)', 1, 12, 12, '2022-10-20 13:14:39', '2022-10-20 13:14:39'),
('ORDER211022001014', 'P01', 'ยาเม็ดซารา (10 เม็ด)', 3, 12, 36, '2022-10-20 17:22:14', '2022-10-20 17:22:14'),
('ORDER131022151041', 'P02', 'ผ้ายืดพยุงหัวเข่าฟุทูดร่ สีขาว ขนาด M', 1, 188, 188, '2022-10-13 08:26:41', '2022-10-13 08:26:41'),
('ORDER131022151046', 'P02', 'ผ้ายืดพยุงหัวเข่าฟุทูดร่ สีขาว ขนาด M', 1, 188, 188, '2022-10-13 08:22:46', '2022-10-13 08:22:46'),
('ORDER151022151044', 'P02', 'ATK', 4, 50, 200, '2022-10-15 08:40:45', '2022-10-15 08:40:45'),
('ORDER201022101007', 'P02', 'ATK', 4, 50, 200, '2022-10-20 03:17:07', '2022-10-20 03:17:07'),
('ORDER201022101031', 'P02', 'ATK', 4, 50, 200, '2022-10-20 03:45:31', '2022-10-20 03:45:31'),
('ORDER201022191021', 'P02', 'ผ้ายืดพยุงหัวเข่าฟุทูดร่ สีขาว ขนาด M', 1, 188, 188, '2022-10-20 12:34:21', '2022-10-20 12:34:21'),
('ORDER211022001014', 'P02', 'ATK', 4, 50, 200, '2022-10-20 17:22:14', '2022-10-20 17:22:14'),
('ORDER201022191019', 'P03', 'หน้ากากอนามัย 3D Size M', 1, 73, 73, '2022-10-20 12:30:19', '2022-10-20 12:30:19'),
('ORDER201022191021', 'P03', 'หน้ากากอนามัย 3D Size M', 1, 73, 73, '2022-10-20 12:34:21', '2022-10-20 12:34:21'),
('ORDER201022191031', 'P03', 'หน้ากากอนามัย 3D Size M', 1, 73, 73, '2022-10-20 12:26:31', '2022-10-20 12:26:31'),
('ORDER191022181020', 'P04', 'โพรโพลิช เมาท์สเปรย์ 15 ml.', 3, 135, 405, '2022-10-19 11:01:20', '2022-10-19 11:01:20'),
('ORDER201022191021', 'P04', 'โพรโพลิช เมาท์สเปรย์ 15 ml.', 1, 135, 135, '2022-10-20 12:34:21', '2022-10-20 12:34:21'),
('ORDER201022191031', 'P04', 'โพรโพลิช เมาท์สเปรย์ 15 ml.', 4, 135, 540, '2022-10-20 12:26:31', '2022-10-20 12:26:31'),
('ORDER201022191019', 'P05', 'ยาแก้ไอผสมมะขามป้อม', 3, 40, 120, '2022-10-20 12:30:19', '2022-10-20 12:30:19'),
('ORDER201022191021', 'P05', 'ยาแก้ไอผสมมะขามป้อม', 1, 40, 40, '2022-10-20 12:34:21', '2022-10-20 12:34:21'),
('ORDER201022191019', 'P06', 'Himalaya Antiseptic Cream', 1, 69, 69, '2022-10-20 12:30:19', '2022-10-20 12:30:19'),
('ORDER201022191021', 'P06', 'Himalaya Antiseptic Cream', 1, 69, 69, '2022-10-20 12:34:21', '2022-10-20 12:34:21'),
('ORDER191022141058', 'P07', 'ชุดตรวจโควิด Antigen Test  ยี่ห้อ Boson', 2, 39, 78, '2022-10-19 07:33:58', '2022-10-19 07:33:58'),
('ORDER201022181008', 'P07', 'ชุดตรวจโควิด Antigen Test  ยี่ห้อ Boson', 3, 39, 117, '2022-10-20 11:33:08', '2022-10-20 11:33:08'),
('ORDER201022181030', 'P07', 'ชุดตรวจโควิด Antigen Test  ยี่ห้อ Boson', 3, 39, 117, '2022-10-20 11:23:31', '2022-10-20 11:23:31'),
('ORDER201022191019', 'P07', 'ชุดตรวจโควิด Antigen Test  ยี่ห้อ Boson', 1, 39, 39, '2022-10-20 12:30:19', '2022-10-20 12:30:19'),
('ORDER201022191032', 'P07', 'ชุดตรวจโควิด Antigen Test  ยี่ห้อ Boson', 1, 39, 39, '2022-10-20 12:41:32', '2022-10-20 12:41:32'),
('ORDER201022191046', 'P07', 'ชุดตรวจโควิด Antigen Test  ยี่ห้อ Boson', 1, 39, 39, '2022-10-20 12:55:46', '2022-10-20 12:55:46'),
('ORDER201022201008', 'P07', 'ชุดตรวจโควิด Antigen Test  ยี่ห้อ Boson', 1, 39, 39, '2022-10-20 13:03:08', '2022-10-20 13:03:08'),
('ORDER201022201015', 'P07', 'ชุดตรวจโควิด Antigen Test  ยี่ห้อ Boson', 1, 39, 39, '2022-10-20 13:05:15', '2022-10-20 13:05:15'),
('ORDER201022201039', 'P07', 'ชุดตรวจโควิด Antigen Test  ยี่ห้อ Boson', 1, 39, 39, '2022-10-20 13:14:39', '2022-10-20 13:14:39'),
('ORDER211022001033', 'P07', 'ชุดตรวจโควิด Antigen Test  ยี่ห้อ Boson', 1, 39, 39, '2022-10-20 17:23:33', '2022-10-20 17:23:33'),
('ORDER191022181045', 'P08', 'แผ่นประคบร้อนเทอร์มาพลาสท์', 2, 40, 80, '2022-10-19 11:30:45', '2022-10-19 11:30:45'),
('ORDER191022141058', 'P09', 'ยาดมตราโป๊ยเซียน 1.7 ซีซี', 3, 24, 72, '2022-10-19 07:33:58', '2022-10-19 07:33:58'),
('ORDER191022141059', 'P09', 'ยาดมตราโป๊ยเซียน 1.7 ซีซี', 2, 24, 48, '2022-10-19 07:54:59', '2022-10-19 07:54:59'),
('ORDER191022181020', 'P09', 'ยาดมตราโป๊ยเซียน 1.7 ซีซี', 1, 24, 24, '2022-10-19 11:01:20', '2022-10-19 11:01:20'),
('ORDER201022191019', 'P09', 'ยาดมตราโป๊ยเซียน 1.7 ซีซี', 3, 24, 72, '2022-10-20 12:30:19', '2022-10-20 12:30:19'),
('ORDER201022191032', 'P09', 'ยาดมตราโป๊ยเซียน 1.7 ซีซี', 1, 24, 24, '2022-10-20 12:41:32', '2022-10-20 12:41:32'),
('ORDER201022201008', 'P09', 'ยาดมตราโป๊ยเซียน 1.7 ซีซี', 1, 24, 24, '2022-10-20 13:03:08', '2022-10-20 13:03:08'),
('ORDER201022191031', 'P10', 'ยาฟ้าทะลายโจร ตราช่อเขียวมะกอก 10 แคปซูล', 1, 18, 18, '2022-10-20 12:26:31', '2022-10-20 12:26:31'),
('ORDER191022141059', 'P11', 'ยาลดกรดอีโนรสส้ม', 1, 14, 14, '2022-10-19 07:54:59', '2022-10-19 07:54:59'),
('ORDER201022191031', 'P11', 'ยาลดกรดอีโนรสส้ม', 1, 14, 14, '2022-10-20 12:26:31', '2022-10-20 12:26:31'),
('ORDER201022191032', 'P11', 'ยาลดกรดอีโนรสส้ม', 1, 14, 14, '2022-10-20 12:41:32', '2022-10-20 12:41:32'),
('ORDER201022201008', 'P11', 'ยาลดกรดอีโนรสส้ม', 1, 14, 14, '2022-10-20 13:03:08', '2022-10-20 13:03:08'),
('ORDER201022191031', 'P13', 'เดอร์มาติกซ์ อัลตร้า 15 กรัม', 5, 370, 1850, '2022-10-20 12:26:31', '2022-10-20 12:26:31'),
('ORDER191022181045', 'P14', 'สำลีรถพยาบาล', 2, 28, 56, '2022-10-19 11:30:45', '2022-10-19 11:30:45'),
('ORDER191022181020', 'P16', 'น้ำยาล้างคอนเเทคเลนส์ Renu Fresh 60 ml.', 2, 69, 138, '2022-10-19 11:01:20', '2022-10-19 11:01:20'),
('ORDER191022181045', 'P18', 'หนุย คอลลาเจนไตรเปปไทด์  10000 mg.', 3, 29, 87, '2022-10-19 11:30:45', '2022-10-19 11:30:45'),
('ORDER201022191019', 'P19', 'พลาสเตอร์ปิดแผลแบบใสกันน้ำSOS MAx7 cm.', 5, 25, 125, '2022-10-20 12:30:19', '2022-10-20 12:30:19'),
('ORDER201022191032', 'P19', 'พลาสเตอร์ปิดแผลแบบใสกันน้ำSOS MAx7 cm.', 1, 25, 25, '2022-10-20 12:41:32', '2022-10-20 12:41:32');

-- --------------------------------------------------------

--
-- Table structure for table `order`
--

CREATE TABLE `order` (
  `order_no` varchar(17) NOT NULL,
  `customer_name` varchar(500) NOT NULL,
  `customer_phone` varchar(10) NOT NULL,
  `address` varchar(1000) NOT NULL,
  `customer_comment` varchar(1000) DEFAULT NULL,
  `shipTo` varchar(1) NOT NULL,
  `branch_shipping` varchar(18) DEFAULT NULL,
  `checkout_date` datetime NOT NULL,
  `update_date` timestamp NOT NULL DEFAULT current_timestamp() ON UPDATE current_timestamp(),
  `create_date` timestamp NOT NULL DEFAULT current_timestamp()
) ENGINE=InnoDB DEFAULT CHARSET=utf8;

--
-- Dumping data for table `order`
--

INSERT INTO `order` (`order_no`, `customer_name`, `customer_phone`, `address`, `customer_comment`, `shipTo`, `branch_shipping`, `checkout_date`, `update_date`, `create_date`) VALUES
('ORDER131022151041', 'John David', 'customerPh', '12/34 อ.เมือง กทม 10220', 'รอรับของใต้หอ', 'D', 'BRANCH131022143630', '2022-10-13 15:26:41', '2022-10-13 08:26:41', '2022-10-13 08:26:41'),
('ORDER131022151046', 'John David', 'customerPh', '12/34 อ.เมือง กทม 10220', 'รอรับของใต้หอ', 'D', 'เภสัช หน้า', '2022-10-13 15:22:46', '2022-10-13 08:22:46', '2022-10-13 08:22:46'),
('ORDER151022151044', 'David John', '0123456789', '12/34 อ.เมือง กทม. 10200', 'รับของใต้หอ', 'D', 'BRANCH131022143630', '2022-10-15 15:40:45', '2022-10-15 08:40:45', '2022-10-15 08:40:45'),
('ORDER191022141058', 'David johanaee', '0987654321', 'หอบ้านเบญจรงค์ 81/1 ถนน ราชมรรคา ตำบล สนามจันทร์ อำเภอ เมือง นครปฐม 73000 ประเทศไทย', NULL, 'S', 'BRANCH131022143630', '2022-10-19 14:33:58', '2022-10-19 07:33:58', '2022-10-19 07:33:58'),
('ORDER191022141059', 'Sami jig', '0789456123', 'หอบ้านเบญจรงค์ 81/1 ถนน ราชมรรคา ตำบล สนามจันทร์ อำเภอ เมือง นครปฐม 73000 ประเทศไทย', 'วางไว่ใต้หอ', 'D', 'BRANCH131022143630', '2022-10-19 14:54:59', '2022-10-19 07:54:59', '2022-10-19 07:54:59'),
('ORDER191022151027', 'dddd', '1234567890', '123456', NULL, 'D', 'BRANCH131022143630', '2022-10-19 15:05:27', '2022-10-19 08:05:27', '2022-10-19 08:05:27'),
('ORDER191022151058', 'a Jan a', '0789456123', 'หอบ้านเบญจรงค์ 81/1 ถนน ราชมรรคา ตำบล สนามจันทร์ อำเภอ เมือง นครปฐม 73000 ประเทศไทย', 'sadfdsf', 'D', 'BRANCH131022143630', '2022-10-19 15:21:58', '2022-10-19 08:21:58', '2022-10-19 08:21:58'),
('ORDER191022181020', 'wfewf', '0879456123', 'sdfewef', 'wefewf', 'D', 'BRANCH131022143630', '2022-10-19 18:01:20', '2022-10-19 11:01:20', '2022-10-19 11:01:20'),
('ORDER191022181045', 'sdfsdf', '0123456789', 'tferfgerfege', NULL, 'S', 'BRANCH131022143630', '2022-10-19 18:30:45', '2022-10-19 11:30:45', '2022-10-19 11:30:45'),
('ORDER201022101007', 'David John', '0123456789', '12/34 อ.เมือง กทม. 10200', 'รับของใต้หอ', 'D', 'BRANCH131022143630', '2022-10-20 10:17:07', '2022-10-20 03:17:07', '2022-10-20 03:17:07'),
('ORDER201022101031', 'David John', '0123456789', '12/34 อ.เมือง กทม. 10200', 'รับของใต้หอ', 'D', 'BRANCH131022143630', '2022-10-20 10:45:31', '2022-10-20 03:45:31', '2022-10-20 03:45:31'),
('ORDER201022181008', 'dwfgwefewf', '0896523144', 'sefwefew', 'wefweffwe', 'D', 'BRANCH131022143630', '2022-10-20 18:33:08', '2022-10-20 11:33:08', '2022-10-20 11:33:08'),
('ORDER201022181019', 'dasdasdsa', '80955', 'fwefwefew', 'fsdfsdfdsf', 'S', 'BRANCH131022143630', '2022-10-20 18:31:19', '2022-10-20 11:31:19', '2022-10-20 11:31:19'),
('ORDER201022181030', 'David johanan', '0897456321', 'หอบ้านเบญจรงค์ 81/1 ถนน ราชมรรคา ตำบล สนามจันทร์ อำเภอ เมือง นครปฐม 73000 ประเทศไทย', 'dggss', 'D', 'BRANCH131022143630', '2022-10-20 18:23:30', '2022-10-20 11:23:30', '2022-10-20 11:23:30'),
('ORDER201022191019', 'David john', '0987654321', 'หอบ้านเบญจรงค์ 81/1 ถนน ราชมรรคา ตำบล สนามจันทร์ อำเภอ เมือง นครปฐม 73000 ประเทศไทย', 'วางไว่ใต้หอ', 'D', 'BRANCH131022143630', '2022-10-20 19:30:19', '2022-10-20 12:30:19', '2022-10-20 12:30:19'),
('ORDER201022191021', 'superman', '0987654321', 'หอบ้านเบญจรงค์ 81/1 ถนน ราชมรรคา ตำบล สนามจันทร์ อำเภอ เมือง นครปฐม 73000 ประเทศไทย', 'วางไว่ใต้หอ', 'D', 'BRANCH131022143630', '2022-10-20 19:34:21', '2022-10-20 12:34:21', '2022-10-20 12:34:21'),
('ORDER201022191031', 'David john', '0897654321', 'หอบ้านเบญจรงค์ 81/1 ถนน ราชมรรคา ตำบล สนามจันทร์ อำเภอ เมือง นครปฐม 73000 ประเทศไทย', 'วางไว่ใต้หอ', 'D', 'BRANCH131022143630', '2022-10-20 19:26:31', '2022-10-20 12:26:31', '2022-10-20 12:26:31'),
('ORDER201022191032', 'David john', '0987654321', 'หอบ้านเบญจรงค์ 81/1 ถนน ราชมรรคา ตำบล สนามจันทร์ อำเภอ เมือง นครปฐม 73000 ประเทศไทย', 'วางไว่ใต้หอ', 'D', 'BRANCH131022143630', '2022-10-20 19:41:32', '2022-10-20 12:41:32', '2022-10-20 12:41:32'),
('ORDER201022191046', 'David john', '0896523147', 'หอบ้านเบญจรงค์ 81/1 ถนน ราชมรรคา ตำบล สนามจันทร์ อำเภอ เมือง นครปฐม 73000 ประเทศไทย', 'วางไว่ใต้หอ', 'S', 'BRANCH131022143630', '2022-10-20 19:55:46', '2022-10-20 12:55:46', '2022-10-20 12:55:46'),
('ORDER201022201008', 'superman', '0987654321', 'หอบ้านเบญจรงค์ 81/1 ถนน ราชมรรคา ตำบล สนามจันทร์ อำเภอ เมือง นครปฐม 73000 ประเทศไทย', 'วางไว่ใต้หอ', 'D', 'BRANCH131022143630', '2022-10-20 20:03:08', '2022-10-20 13:03:08', '2022-10-20 13:03:08'),
('ORDER201022201015', 'suyop', '0987654321', 'หอบ้านเบญจรงค์ 81/1 ถนน ราชมรรคา ตำบล สนามจันทร์ อำเภอ เมือง นครปฐม 73000 ประเทศไทย', 'วางไว่ใต้หอ', 'S', 'BRANCH131022143630', '2022-10-20 20:05:15', '2022-10-20 13:05:15', '2022-10-20 13:05:15'),
('ORDER201022201039', 'feferfer', '80954', 'หอบ้านเบญจรงค์ 81/1 ถนน ราชมรรคา ตำบล สนามจันทร์ อำเภอ เมือง นครปฐม 73000 ประเทศไทย', 'วางไว่ใต้หอ', 'S', 'BRANCH131022143630', '2022-10-20 20:14:39', '2022-10-20 13:14:39', '2022-10-20 13:14:39'),
('ORDER211022001014', 'David John', '0123456789', '12/34 อ.เมือง กทม. 10200', 'รับของใต้หอ', 'D', 'BRANCH131022143630', '2022-10-21 00:22:14', '2022-10-20 17:22:14', '2022-10-20 17:22:14'),
('ORDER211022001033', 'dfg', '0896523147', 'df', NULL, 'D', 'BRANCH131022143630', '2022-10-21 00:23:33', '2022-10-20 17:23:33', '2022-10-20 17:23:33');

-- --------------------------------------------------------

--
-- Table structure for table `product`
--

CREATE TABLE `product` (
  `product_id` varchar(10) NOT NULL,
  `product_name` varchar(100) NOT NULL,
  `product_details` varchar(1000) DEFAULT NULL,
  `is_recommend` tinyint(4) DEFAULT 0,
  `images` varchar(1000) DEFAULT NULL,
  `price_per_unit` double NOT NULL,
  `update_date` timestamp NOT NULL DEFAULT current_timestamp() ON UPDATE current_timestamp(),
  `create_date` timestamp NOT NULL DEFAULT current_timestamp()
) ENGINE=InnoDB DEFAULT CHARSET=utf8;

--
-- Dumping data for table `product`
--

INSERT INTO `product` (`product_id`, `product_name`, `product_details`, `is_recommend`, `images`, `price_per_unit`, `update_date`, `create_date`) VALUES
('P01', 'ยาเม็ดซาร่า (10 เม็ด)', 'ลดไข้ บรรเทาปวด', 1, 'images/y1.png', 12, '2022-10-15 09:02:14', '2022-10-12 04:51:24'),
('P02', 'ผ้ายืดพยุงหัวเข่าฟุทูดร่ สีขาว ขนาด M', 'ผ้ายืดพยุงข้อเท้า สีขาว สำหรับสวมเพื่อป้องกันและบรรเทา ขนาด M', 0, 'images/y2.png', 188, '2022-10-15 09:02:14', '2022-10-12 04:51:24'),
('P03', 'หน้ากากอนามัย 3D Size M', 'หน้ากากอนามัยยูนิชาร์ม รูปทรง 3 มิติ หายใจสะดวก แบบหน้าสนิท\\nไม่ระคายเคือง นุ่มสบาย ระบายอากาศดี', 0, 'images/y3.png', 73, '2022-10-15 09:02:14', '2022-10-12 04:51:24'),
('P04', 'โพรโพลิช เมาท์สเปรย์ 15 ml.', 'บรรเทาอาการอักเสบ ติดเชื้อในช่องปากและลำคอ', 0, 'images/y4.png', 135, '2022-10-15 09:02:14', '2022-10-12 04:54:07'),
('P05', 'ยาแก้ไอผสมมะขามป้อม', 'บรรเทาอาการไอ ขับเสมหะ และช่วยให้ชุ่มคอ', 0, 'images/y5.png', 40, '2022-10-15 09:02:14', '2022-10-12 05:28:41'),
('P06', 'Himalaya Antiseptic Cream', 'แผลหายไว ลดการติดเชื้อ มีส่วนผสมจากธรรมชาติ', 0, 'images/y6.png', 69, '2022-10-15 09:02:14', '2022-10-12 05:28:41'),
('P07', 'ชุดตรวจโควิด Antigen Test  ยี่ห้อ Boson', 'ชุดตรวจหาแอนติเจนของเชื้อ SAR-Cov-2 จากจมูก สำหรับการทดสอบด้วยตัวเอง', 1, 'images/y7.png', 39, '2022-10-15 09:02:14', '2022-10-12 05:28:41'),
('P08', 'แผ่นประคบร้อนเทอร์มาพลาสท์', 'แผ่นประคบร้อนเทอร์มาพลาส ใช้สำหรับแปะบรรเทาอาการปวดเมื่อยตามร่างกาย', 0, 'images/y8.png', 40, '2022-10-15 09:02:14', '2022-10-12 05:28:41'),
('P09', 'ยาดมตราโป๊ยเซียน 1.7 ซีซี', 'ใช้บรรเทาอาการวิงเวียนศรีษะ เป็นหวัดคัดจมุก ใช้สำหรับสูดดม', 1, 'images/y9.png', 24, '2022-10-15 09:02:14', '2022-10-12 05:28:41'),
('P10', 'ยาฟ้าทะลายโจร ตราช่อเขียวมะกอก 10 แคปซูล', 'ช่อเขียวมะกอก ยาฟ้าทะลายโจร 1 แผง (10 แคปซูล/แผง) แก้ไข้ แก้ร้อนใน', 0, 'images/y10.png', 18, '2022-10-15 09:02:14', '2022-10-12 05:28:41'),
('P11', 'ยาลดกรดอีโนรสส้ม', 'คลายกรด ลดแน่นเฟ้อ จากกรดมาก ในกระเพาะอาหาร\\nวิธีรับประทาน ผสมน้ำค่อนแก้ว รับประทานหลังหมดฟองฟู่', 1, 'images/y11.png', 14, '2022-10-15 09:02:14', '2022-10-12 05:28:41'),
('P12', 'เซรั่มมิซึมิบีทรีแอคเน่คอนเซนเทรท 6 กรัม', 'เซรั่มลดรอยสิว สูตรวิตามินบี 3 เข้มข้น', 0, 'images/y12.png', 49, '2022-10-15 09:02:14', '2022-10-12 05:28:41'),
('P13', 'เดอร์มาติกซ์ อัลตร้า 15 กรัม', 'ช่วยลดเลือนรอยแผลเป็น ความนูนของแผลลดลง แผลเป็นนุ่มขึ้น', 0, 'images/y13.png', 370, '2022-10-15 09:02:14', '2022-10-12 05:28:41'),
('P14', 'สำลีรถพยาบาล', 'สำลีจากฝ้ายบริสุทธิ์ 100% ซึมซับได้ดีและอ่อนนุ่มอย่างเป็นธรรมชาติ ผ่านการค่าเชื้อด้วยความร้อน 2ครั้ง เพื่อสะอาด', 0, 'images/y14.png', 28, '2022-10-15 09:02:14', '2022-10-12 05:28:41'),
('P15', 'ALCOHOL ศิริบัญชา 450 ml.', 'เอทิลแอลกอฮอล์ 70% เช็ดบริเวณรอบบาดแผลเพื่อป้องกันการติเชื้อ เช็ดฆ่าเชื้ออุปกรณ์ทางการแพทย์', 0, 'images/y15.png', 40, '2022-10-15 09:02:14', '2022-10-12 05:28:41'),
('P16', 'น้ำยาล้างคอนเเทคเลนส์ Renu Fresh 60 ml.', 'ใช้ทำความสะอาดและขจัดคราบสะสมที่ติดอยู่ให้ออกจากคอนแทคเลนส์ ฆ่าเชื้อดรคที่ติดอยู่ที่ผิวของคอนเเทคเลนส์\\nใช้ล้างและให้ความชุ่มชื่นก่อนใส่คอนเเทคเลนส์', 0, 'images/y16.png', 69, '2022-10-15 09:02:14', '2022-10-12 05:28:41'),
('P17', 'เนเจอร์ซี อะเซโรลาเชอรรี่', 'Acerola Cherry 100 mg. และผลไม้สกัด 10 ชนิด', 0, 'images/y17.png', 249, '2022-10-15 09:02:14', '2022-10-12 05:28:41'),
('P18', 'หนุย คอลลาเจนไตรเปปไทด์  10000 mg.', 'คอลลาเจนชนิดผง มีวิตามิน C,E ช่วยในการต่อต้านอนุมูลอิสระ', 0, 'images/y18.png', 29, '2022-10-15 09:02:14', '2022-10-12 05:28:41'),
('P19', 'พลาสเตอร์ปิดแผลแบบใสกันน้ำSOS MAx7 cm.', 'พลาสเตอร์ปิดแผลแบบใสกันน้ำ SOS M4x7 ใช้สำหรับ ปิดบาดแผล ที่เกิดจากของมีคม หรือ แผลสดต่างๆ', 1, 'images/y19.png', 25, '2022-10-15 09:02:14', '2022-10-12 05:28:41'),
('P20', 'เดอร์ม่า 365 เจนเทิล คลีนเซอร์ เฟสแอนด์บอดี้ 500 มล.', 'สำหรับผิวหน้าและผิวกาย ทำความสะอาดพร้อมทั้งฟื้นบำรุงผิวแห้งอย่างอ่อนโยน', 0, 'images/y20.png', 400, '2022-10-15 09:02:14', '2022-10-12 05:28:41');

-- --------------------------------------------------------

--
-- Table structure for table `product_category`
--

CREATE TABLE `product_category` (
  `join_id` int(11) NOT NULL,
  `product` varchar(10) DEFAULT NULL,
  `category` varchar(10) DEFAULT NULL
) ENGINE=InnoDB DEFAULT CHARSET=utf8;

--
-- Dumping data for table `product_category`
--

INSERT INTO `product_category` (`join_id`, `product`, `category`) VALUES
(1, 'P01', NULL),
(2, 'P02', 'CATE02'),
(3, 'P03', 'CATE02'),
(14, 'P04', NULL),
(15, 'P05', NULL),
(16, 'P06', 'CATE01'),
(18, 'P07', 'CATE02'),
(19, 'P08', 'CATE02'),
(20, 'P09', NULL),
(21, 'P10', NULL),
(22, 'P11', NULL),
(23, 'P12', 'CATE01'),
(24, 'P13', 'CATE01'),
(25, 'P14', 'CATE02'),
(26, 'P14', 'CATE01'),
(27, 'P15', NULL),
(28, 'P16', 'CATE01'),
(29, 'P17', NULL),
(30, 'P18', NULL),
(31, 'P19', 'CATE02'),
(33, 'P20', 'CATE01'),
(34, NULL, NULL);

--
-- Indexes for dumped tables
--

--
-- Indexes for table `branch`
--
ALTER TABLE `branch`
  ADD PRIMARY KEY (`branch_id`);

--
-- Indexes for table `category`
--
ALTER TABLE `category`
  ADD PRIMARY KEY (`id`);

--
-- Indexes for table `item`
--
ALTER TABLE `item`
  ADD PRIMARY KEY (`item_no`,`order_no`);

--
-- Indexes for table `order`
--
ALTER TABLE `order`
  ADD PRIMARY KEY (`order_no`);

--
-- Indexes for table `product`
--
ALTER TABLE `product`
  ADD PRIMARY KEY (`product_id`);

--
-- Indexes for table `product_category`
--
ALTER TABLE `product_category`
  ADD PRIMARY KEY (`join_id`);

--
-- AUTO_INCREMENT for dumped tables
--

--
-- AUTO_INCREMENT for table `product_category`
--
ALTER TABLE `product_category`
  MODIFY `join_id` int(11) NOT NULL AUTO_INCREMENT, AUTO_INCREMENT=35;
COMMIT;

/*!40101 SET CHARACTER_SET_CLIENT=@OLD_CHARACTER_SET_CLIENT */;
/*!40101 SET CHARACTER_SET_RESULTS=@OLD_CHARACTER_SET_RESULTS */;
/*!40101 SET COLLATION_CONNECTION=@OLD_COLLATION_CONNECTION */;
